ISBN,title,authorID,year,publisherID,ImageURL
"0195153448","Classical Mythology",100,"2002",100,"http://images.amazon.com/images/P/0195153448.01.LZZZZZZZ.jpg"
"0002005018","Clara Callan",101,"2001",101,"http://images.amazon.com/images/P/0002005018.01.LZZZZZZZ.jpg"
"0060973129","Decision in Normandy",102,"1991",102,"http://images.amazon.com/images/P/0060973129.01.LZZZZZZZ.jpg"
"0374157065","Flu: The Story of the Great Influenza Pandemic of 1918 and the Search for the Virus That Caused It",103,"1999",103,"http://images.amazon.com/images/P/0374157065.01.LZZZZZZZ.jpg"
"0393045218","The Mummies of Urumchi",104,"1999",104,"http://images.amazon.com/images/P/0393045218.01.LZZZZZZZ.jpg"
"0399135782","The Kitchen God's Wife",105,"1991",105,"http://images.amazon.com/images/P/0399135782.01.LZZZZZZZ.jpg"
"0425176428","What If?: The World's Foremost Military Historians Imagine What Might Have Been",106,"2000",106,"http://images.amazon.com/images/P/0425176428.01.LZZZZZZZ.jpg"
"0671870432","PLEADING GUILTY",107,"1993",107,"http://images.amazon.com/images/P/0671870432.01.LZZZZZZZ.jpg"
"0679425608","Under the Black Flag: The Romance and the Reality of Life Among the Pirates",108,"1996",108,"http://images.amazon.com/images/P/0679425608.01.LZZZZZZZ.jpg"
"074322678X","Where You'll Find Me: And Other Stories",109,"2002",109,"http://images.amazon.com/images/P/074322678X.01.LZZZZZZZ.jpg"
"0771074670","Nights Below Station Street",110,"1988",110,"http://images.amazon.com/images/P/0771074670.01.LZZZZZZZ.jpg"
"080652121X","Hitler's Secret Bankers: The Myth of Swiss Neutrality During the Holocaust",111,"2000",111,"http://images.amazon.com/images/P/080652121X.01.LZZZZZZZ.jpg"
"0887841740","The Middle Stories",112,"2004",112,"http://images.amazon.com/images/P/0887841740.01.LZZZZZZZ.jpg"
"1552041778","Jane Doe",113,"1999",113,"http://images.amazon.com/images/P/1552041778.01.LZZZZZZZ.jpg"
"1558746218","A Second Chicken Soup for the Woman's Soul (Chicken Soup for the Soul Series)",114,"1998",114,"http://images.amazon.com/images/P/1558746218.01.LZZZZZZZ.jpg"
"1567407781","The Witchfinder (Amos Walker Mystery Series)",115,"1998",115,"http://images.amazon.com/images/P/1567407781.01.LZZZZZZZ.jpg"
"1575663937","More Cunning Than Man: A Social History of Rats and Man",116,"1999",116,"http://images.amazon.com/images/P/1575663937.01.LZZZZZZZ.jpg"
"1881320189","Goodbye to the Buttermilk Sky",117,"1994",117,"http://images.amazon.com/images/P/1881320189.01.LZZZZZZZ.jpg"
"0440234743","The Testament",118,"1999",118,"http://images.amazon.com/images/P/0440234743.01.LZZZZZZZ.jpg"
"0452264464","Beloved (Plume Contemporary Fiction)",119,"1994",119,"http://images.amazon.com/images/P/0452264464.01.LZZZZZZZ.jpg"
"0609804618","Our Dumb Century: The Onion Presents 100 Years of Headlines from America's Finest News Source",120,"1999",120,"http://images.amazon.com/images/P/0609804618.01.LZZZZZZZ.jpg"
"1841721522","New Vegetarian: Bold and Beautiful Recipes for Every Occasion",121,"2001",121,"http://images.amazon.com/images/P/1841721522.01.LZZZZZZZ.jpg"
"1879384493","If I'd Known Then What I Know Now: Why Not Learn from the Mistakes of Others? : You Can't Afford to Make Them All Yourself",122,"2003",122,"http://images.amazon.com/images/P/1879384493.01.LZZZZZZZ.jpg"
"0061076031","Mary-Kate &,123,"Mary-Kate &,123,"http://images.amazon.com/images/P/0061076031.01.LZZZZZZZ.jpg"
"0439095026","Tell Me This Isn't Happening",124,"1999",124,"http://images.amazon.com/images/P/0439095026.01.LZZZZZZZ.jpg"
"0689821166","Flood : Mississippi 1927",125,"1998",125,"http://images.amazon.com/images/P/0689821166.01.LZZZZZZZ.jpg"
"0971880107","Wild Animus",126,"2004",126,"http://images.amazon.com/images/P/0971880107.01.LZZZZZZZ.jpg"
"0345402871","Airframe",127,"1997",127,"http://images.amazon.com/images/P/0345402871.01.LZZZZZZZ.jpg"
"0345417623","Timeline",128,"2000",127,"http://images.amazon.com/images/P/0345417623.01.LZZZZZZZ.jpg"
"0684823802","OUT OF THE SILENT PLANET",129,"1996",109,"http://images.amazon.com/images/P/0684823802.01.LZZZZZZZ.jpg"
"0375759778","Prague : A Novel",130,"2003",128,"http://images.amazon.com/images/P/0375759778.01.LZZZZZZZ.jpg"
"0425163091","Chocolate Jesus",131,"1998",106,"http://images.amazon.com/images/P/0425163091.01.LZZZZZZZ.jpg"
"3404921038","Wie Barney es sieht.",132,"2002",129,"http://images.amazon.com/images/P/3404921038.01.LZZZZZZZ.jpg"
"3442353866","Der Fluch der Kaiserin. Ein Richter- Di- Roman.",133,"2001",130,"http://images.amazon.com/images/P/3442353866.01.LZZZZZZZ.jpg"
"3442410665","Sturmzeit. Roman.",134,"1991",130,"http://images.amazon.com/images/P/3442410665.01.LZZZZZZZ.jpg"
"3442446937","Tage der Unschuld.",135,"2000",130,"http://images.amazon.com/images/P/3442446937.01.LZZZZZZZ.jpg"
"0375406328","Lying Awake",136,"2000",131,"http://images.amazon.com/images/P/0375406328.01.LZZZZZZZ.jpg"
"0446310786","To Kill a Mockingbird",137,"1988",132,"http://images.amazon.com/images/P/0446310786.01.LZZZZZZZ.jpg"
"0449005615","Seabiscuit: An American Legend",138,"2002",127,"http://images.amazon.com/images/P/0449005615.01.LZZZZZZZ.jpg"
"0060168013","Pigs in Heaven",139,"1993",133,"http://images.amazon.com/images/P/0060168013.01.LZZZZZZZ.jpg"
"038078243X","Miss Zukas and the Raven's Dance",140,"1996",134,"http://images.amazon.com/images/P/038078243X.01.LZZZZZZZ.jpg"
"055321215X","Pride and Prejudice",141,"1983",135,"http://images.amazon.com/images/P/055321215X.01.LZZZZZZZ.jpg"
"067176537X","The Therapeutic Touch: How to Use Your Hands to Help or to Heal",142,"1979",136,"http://images.amazon.com/images/P/067176537X.01.LZZZZZZZ.jpg"
"0061099686","Downtown",143,"1995",137,"http://images.amazon.com/images/P/0061099686.01.LZZZZZZZ.jpg"
"0553582909","Icebound",144,"2000",138,"http://images.amazon.com/images/P/0553582909.01.LZZZZZZZ.jpg"
"0671888587","I'll Be Seeing You",145,"1994",139,"http://images.amazon.com/images/P/0671888587.01.LZZZZZZZ.jpg"
"0553582747","From the Corner of His Eye",146,"2001",138,"http://images.amazon.com/images/P/0553582747.01.LZZZZZZZ.jpg"
"0425182908","Isle of Dogs",147,"2002",106,"http://images.amazon.com/images/P/0425182908.01.LZZZZZZZ.jpg"
"042518630X","Purity in Death",148,"2002",106,"http://images.amazon.com/images/P/042518630X.01.LZZZZZZZ.jpg"
"0440223571","This Year It Will Be Different: And Other Stories",149,"1997",118,"http://images.amazon.com/images/P/0440223571.01.LZZZZZZZ.jpg"
"0812523873","Proxies",150,"1999",140,"http://images.amazon.com/images/P/0812523873.01.LZZZZZZZ.jpg"
"0842342702","Left Behind: A Novel of the Earth's Last Days (Left Behind #1)",151,"2000",141,"http://images.amazon.com/images/P/0842342702.01.LZZZZZZZ.jpg"
"0440225701","The Street Lawyer",152,"1999",118,"http://images.amazon.com/images/P/0440225701.01.LZZZZZZZ.jpg"
"0060914068","Love, Medicine and Miracles",153,"1988",142,"http://images.amazon.com/images/P/0060914068.01.LZZZZZZZ.jpg"
"0156047624","All the King's Men",154,"1982",143,"http://images.amazon.com/images/P/0156047624.01.LZZZZZZZ.jpg"
"0245542957","Pacific Northwest",155,"1985",144,"http://images.amazon.com/images/P/0245542957.01.LZZZZZZZ.jpg"
"0380715899","A Soldier of the Great War",156,"1992",145,"http://images.amazon.com/images/P/0380715899.01.LZZZZZZZ.jpg"
"0553280333","Getting Well Again",157,"1992",135,"http://images.amazon.com/images/P/0553280333.01.LZZZZZZZ.jpg"
"0961769947","Northwest Wines and Wineries",158,"1993",146,"http://images.amazon.com/images/P/0961769947.01.LZZZZZZZ.jpg"
"0964778319","An Atmosphere of Eternity: Stories of India",159,"2002",147,"http://images.amazon.com/images/P/0964778319.01.LZZZZZZZ.jpg"
"0671623249","LONESOME DOVE",160,"1986",139,"http://images.amazon.com/images/P/0671623249.01.LZZZZZZZ.jpg"
"0679810307","Shabanu: Daughter of the Wind (Border Trilogy)",161,"1991",148,"http://images.amazon.com/images/P/0679810307.01.LZZZZZZZ.jpg"
"0679865691","Haveli (Laurel Leaf Books)",161,"1995",148,"http://images.amazon.com/images/P/0679865691.01.LZZZZZZZ.jpg"
"2070423204","Lieux dits",162,"2002",149,"http://images.amazon.com/images/P/2070423204.01.LZZZZZZZ.jpg"
"0345260317","The Dragons of Eden: Speculations on the Evolution of Human Intelligence",163,"1978",127,"http://images.amazon.com/images/P/0345260317.01.LZZZZZZZ.jpg"
"0394743741","The yawning heights",164,"1980",108,"http://images.amazon.com/images/P/0394743741.01.LZZZZZZZ.jpg"
"042511774X","Breathing Lessons",165,"1994",106,"http://images.amazon.com/images/P/042511774X.01.LZZZZZZZ.jpg"
"0804106304","The Joy Luck Club",105,"1994",150,"http://images.amazon.com/images/P/0804106304.01.LZZZZZZZ.jpg"
"1853262404","Heart of Darkness (Wordsworth Collection)",166,"1998",151,"http://images.amazon.com/images/P/1853262404.01.LZZZZZZZ.jpg"
"0312970242","The Angel Is Near",167,"2000",152,"http://images.amazon.com/images/P/0312970242.01.LZZZZZZZ.jpg"
"1853260053","Tess of the D'Urbervilles (Wordsworth Classics)",168,"1997",151,"http://images.amazon.com/images/P/1853260053.01.LZZZZZZZ.jpg"
"1414035004","The Adventures of Drew and Ellie: The Magical Dress",169,"2003",153,"http://images.amazon.com/images/P/1414035004.01.LZZZZZZZ.jpg"
"0060938412","The Accidental Virgin",170,"2003",154,"http://images.amazon.com/images/P/0060938412.01.LZZZZZZZ.jpg"
"0140067477","The Tao of Pooh",171,"1983",155,"http://images.amazon.com/images/P/0140067477.01.LZZZZZZZ.jpg"
"0345465083","Seabiscuit",138,"2003",127,"http://images.amazon.com/images/P/0345465083.01.LZZZZZZZ.jpg"
"0451625889","The Prince",172,"1952",156,"http://images.amazon.com/images/P/0451625889.01.LZZZZZZZ.jpg"
"1558531025","Life's Little Instruction Book (Life's Little Instruction Books (Paperback))",173,"1991",157,"http://images.amazon.com/images/P/1558531025.01.LZZZZZZZ.jpg"
"0441783589","Starship Troopers",174,"1987",158,"http://images.amazon.com/images/P/0441783589.01.LZZZZZZZ.jpg"
"0394895894","The Ruby in the Smoke (Sally Lockhart Trilogy, Book 1)",175,"1988",148,"http://images.amazon.com/images/P/0394895894.01.LZZZZZZZ.jpg"
"1569871213","Black Beauty (Illustrated Classics)",176,"1995",159,"http://images.amazon.com/images/P/1569871213.01.LZZZZZZZ.jpg"
"0375410538","Anil's Ghost",177,"2000",160,"http://images.amazon.com/images/P/0375410538.01.LZZZZZZZ.jpg"
"0966986105","Prescription for Terror",178,"1999",161,"http://images.amazon.com/images/P/0966986105.01.LZZZZZZZ.jpg"
"087113375X","Modern Manners: An Etiquette Book for Rude People",179,"1990",162,"http://images.amazon.com/images/P/087113375X.01.LZZZZZZZ.jpg"
"0340767936","Turning Thirty",180,"2000",163,"http://images.amazon.com/images/P/0340767936.01.LZZZZZZZ.jpg"
"0743403843","Decipher",181,"2002",164,"http://images.amazon.com/images/P/0743403843.01.LZZZZZZZ.jpg"
"0060930365","My First Cousin Once Removed: Money, Madness, and the Family of Robert Lowell",182,"1999",165,"http://images.amazon.com/images/P/0060930365.01.LZZZZZZZ.jpg"
"0060177586","Standing Firm: A Vice-Presidential Memoir",183,"1994",133,"http://images.amazon.com/images/P/0060177586.01.LZZZZZZZ.jpg"
"0071416331","Team Bush : Leadership Lessons from the Bush White House",184,"2003",166,"http://images.amazon.com/images/P/0071416331.01.LZZZZZZZ.jpg"
"0375509038","The Right Man : The Surprise Presidency of George W. Bush",185,"2003",108,"http://images.amazon.com/images/P/0375509038.01.LZZZZZZZ.jpg"
"0553062042","Daybreakers Louis Lamour Collection",186,"1981",167,"http://images.amazon.com/images/P/0553062042.01.LZZZZZZZ.jpg"
"0316769487","The Catcher in the Rye",187,"1991",168,"http://images.amazon.com/images/P/0316769487.01.LZZZZZZZ.jpg"
"8445071408","El Senor De Los Anillos: LA Comunidad Del Anillo (Lord of the Rings (Spanish))",188,"2001",169,"http://images.amazon.com/images/P/8445071408.01.LZZZZZZZ.jpg"
"8445071769","El Senor De Los Anillos: Las DOS Torres (Lord of the Rings (Paperback))",188,"2001",169,"http://images.amazon.com/images/P/8445071769.01.LZZZZZZZ.jpg"
"8445071777","El Senor De Los Anillos: El Retorno Del Rey (Tolkien, J. R. R. Lord of the Rings. 3.)",188,"2001",170,"http://images.amazon.com/images/P/8445071777.01.LZZZZZZZ.jpg"
"0679429220","Midnight in the Garden of Good and Evil: A Savannah Story",189,"1994",108,"http://images.amazon.com/images/P/0679429220.01.LZZZZZZZ.jpg"
"0671867156","Pretend You Don't See Her",145,"1998",139,"http://images.amazon.com/images/P/0671867156.01.LZZZZZZZ.jpg"
"0312252617","Fast Women",190,"2001",152,"http://images.amazon.com/images/P/0312252617.01.LZZZZZZZ.jpg"
"0312261594","Female Intelligence",191,"2001",152,"http://images.amazon.com/images/P/0312261594.01.LZZZZZZZ.jpg"
"0316748641","Pasquale's Nose: Idle Days in an Italian Town",192,"2002",171,"http://images.amazon.com/images/P/0316748641.01.LZZZZZZZ.jpg"
"0316973742","The Gospel of Judas: A Novel",193,"2002",171,"http://images.amazon.com/images/P/0316973742.01.LZZZZZZZ.jpg"
"0385235941","Prize Stories, 1987: The O'Henry Awards",194,"1987",172,"http://images.amazon.com/images/P/0385235941.01.LZZZZZZZ.jpg"
"0446677450","Rich Dad, Poor Dad: What the Rich Teach Their Kids About Money--That the Poor and Middle Class Do Not!",195,"2000",173,"http://images.amazon.com/images/P/0446677450.01.LZZZZZZZ.jpg"
"0451166892","The Pillars of the Earth",196,"1996",156,"http://images.amazon.com/images/P/0451166892.01.LZZZZZZZ.jpg"
"0553347594","McDonald's: Behind the Arches",197,"1995",135,"http://images.amazon.com/images/P/0553347594.01.LZZZZZZZ.jpg"
"0671621009","Creating Wealth : Retire in Ten Years Using Allen's Seven Principles of Wealth!",198,"1986",136,"http://images.amazon.com/images/P/0671621009.01.LZZZZZZZ.jpg"
"067976397X","Corelli's Mandolin : A Novel",199,"1995",174,"http://images.amazon.com/images/P/067976397X.01.LZZZZZZZ.jpg"
"0684822733","Love, Miracles, and Animal Healing : A heartwarming look at the spiritual bond between animals and humans",200,"1996",136,"http://images.amazon.com/images/P/0684822733.01.LZZZZZZZ.jpg"
"0786868716","The Five People You Meet in Heaven",201,"2003",175,"http://images.amazon.com/images/P/0786868716.01.LZZZZZZZ.jpg"
"8472238822","Tu Nombre Escrito En El Agua (La Sonrisa Vertical)",202,"2002",176,"http://images.amazon.com/images/P/8472238822.01.LZZZZZZZ.jpg"
"0671864769","Relics (Star Trek: The Next Generation)",203,"1992",177,"http://images.amazon.com/images/P/0671864769.01.LZZZZZZZ.jpg"
"0671521519","Bless The Beasts And Children : Bless The Beasts And Children",204,"1995",139,"http://images.amazon.com/images/P/0671521519.01.LZZZZZZZ.jpg"
"0440222303","The Touch of Your Shadow, the Whisper of Your Name (Babylon 5, Book 5)",205,"1996",118,"http://images.amazon.com/images/P/0440222303.01.LZZZZZZZ.jpg"
"0312953453","Blood Oath",206,"1994",152,"http://images.amazon.com/images/P/0312953453.01.LZZZZZZZ.jpg"
"0446608653","The Alibi",207,"2000",173,"http://images.amazon.com/images/P/0446608653.01.LZZZZZZZ.jpg"
"0446612545","The Beach House",208,"2003",173,"http://images.amazon.com/images/P/0446612545.01.LZZZZZZZ.jpg"
"0446612618","A Kiss Remembered",207,"2003",173,"http://images.amazon.com/images/P/0446612618.01.LZZZZZZZ.jpg"
"0451208080","The Short Forever",209,"2003",156,"http://images.amazon.com/images/P/0451208080.01.LZZZZZZZ.jpg"
"0553584383","Dead Aim",210,"2004",138,"http://images.amazon.com/images/P/0553584383.01.LZZZZZZZ.jpg"
"0671027360","Angels &,211,"Dan Brown",178,"http://images.amazon.com/images/P/0671027360.01.LZZZZZZZ.jpg"
"0812575954","The Deal",212,"2000",179,"http://images.amazon.com/images/P/0812575954.01.LZZZZZZZ.jpg"
"0316735736","All He Ever Wanted: A Novel",213,"2004",171,"http://images.amazon.com/images/P/0316735736.01.LZZZZZZZ.jpg"
"0743439740","Every Breath You Take : A True Story of Obsession, Revenge, and Murder",214,"2002",139,"http://images.amazon.com/images/P/0743439740.01.LZZZZZZZ.jpg"
"0345372700","If I Ever Get Back to Georgia, I'm Gonna Nail My Feet to the Ground",215,"1991",127,"http://images.amazon.com/images/P/0345372700.01.LZZZZZZZ.jpg"
"0380619458","The Mosquito Coast",216,"1990",180,"http://images.amazon.com/images/P/0380619458.01.LZZZZZZZ.jpg"
"0446325805","If Love Were Oil, I'd Be About a Quart Low",217,"1994",181,"http://images.amazon.com/images/P/0446325805.01.LZZZZZZZ.jpg"
"0451406923","Goodbye, My Little Ones: The True Story of a Murderous Mother and Five Innocent Victims",218,"1996",182,"http://images.amazon.com/images/P/0451406923.01.LZZZZZZZ.jpg"
"0671042858","The Girl Who Loved Tom Gordon",219,"2000",139,"http://images.amazon.com/images/P/0671042858.01.LZZZZZZZ.jpg"
"0743249992","Bringing Down the House: The Inside Story of Six M.I.T. Students Who Took Vegas for Millions",220,"2003",183,"http://images.amazon.com/images/P/0743249992.01.LZZZZZZZ.jpg"
"0840734530","The Oneprince (The Redaemian Chronicles, Book 1)",221,"1992",184,"http://images.amazon.com/images/P/0840734530.01.LZZZZZZZ.jpg"
"0425184226","The Sum of All Fears",222,"2002",106,"http://images.amazon.com/images/P/0425184226.01.LZZZZZZZ.jpg"
"0375500766","Care Packages : Letters to Christopher Reeve from Strangers and Other Friends",223,"1999",108,"http://images.amazon.com/images/P/0375500766.01.LZZZZZZZ.jpg"
"9724119378","O Deus Das Pequenas Coisas",224,"1998",185,"http://images.amazon.com/images/P/9724119378.01.LZZZZZZZ.jpg"
"0451205197","Lady in Green/Minor Indiscretions (Signet Regency Romance)",225,"2002",156,"http://images.amazon.com/images/P/0451205197.01.LZZZZZZZ.jpg"
"0060929790","One Hundred Years of Solitude",226,"1998",165,"http://images.amazon.com/images/P/0060929790.01.LZZZZZZZ.jpg"
"0060976845","Little Altars Everywhere: A Novel",227,"1996",165,"http://images.amazon.com/images/P/0060976845.01.LZZZZZZZ.jpg"
"0061099325","Coyote Waits (Joe Leaphorn/Jim Chee Novels)",228,"1992",137,"http://images.amazon.com/images/P/0061099325.01.LZZZZZZZ.jpg"
"0671004573","Before I Say Good-Bye",145,"2001",139,"http://images.amazon.com/images/P/0671004573.01.LZZZZZZZ.jpg"
"0446601640","Slow Waltz in Cedar Bend",229,"1994",173,"http://images.amazon.com/images/P/0446601640.01.LZZZZZZZ.jpg"
"0330484516","Twenty Minute Retreats: Revive Your Spirits in Just Minutes a Day (A Pan Self-discovery Title)",230,"2001",186,"http://images.amazon.com/images/P/0330484516.01.LZZZZZZZ.jpg"
"038572179X","Atonement : A Novel",231,"2003",187,"http://images.amazon.com/images/P/038572179X.01.LZZZZZZZ.jpg"
"0393020371","Next: The Future Just Happened",232,"2001",188,"http://images.amazon.com/images/P/0393020371.01.LZZZZZZZ.jpg"
"1900850303","The Angelic Darkness",233,"1999",189,"http://images.amazon.com/images/P/1900850303.01.LZZZZZZZ.jpg"
"1903019699","The Soulbane Stratagem",234,"2000",190,"http://images.amazon.com/images/P/1903019699.01.LZZZZZZZ.jpg"
"0345425294","Gangster",235,"2002",191,"http://images.amazon.com/images/P/0345425294.01.LZZZZZZZ.jpg"
"0451410319","Hush",236,"2002",182,"http://images.amazon.com/images/P/0451410319.01.LZZZZZZZ.jpg"
"0553583468","Whisper of Evil (Hooper, Kay. Evil Trilogy.)",237,"2002",138,"http://images.amazon.com/images/P/0553583468.01.LZZZZZZZ.jpg"
"8420639133","Temor y Temblor",238,"2001",192,"http://images.amazon.com/images/P/8420639133.01.LZZZZZZZ.jpg"
"8476409419","Estudios sobre el amor",239,"2001",193,"http://images.amazon.com/images/P/8476409419.01.LZZZZZZZ.jpg"
"0380778556","Rebecca",240,"1994",134,"http://images.amazon.com/images/P/0380778556.01.LZZZZZZZ.jpg"
"0451525221","Scarlet Letter",241,"1993",156,"http://images.amazon.com/images/P/0451525221.01.LZZZZZZZ.jpg"
"0002740230","Keep It Simple: And Get More Out of Life",242,"1999",194,"http://images.amazon.com/images/P/0002740230.01.LZZZZZZZ.jpg"
"0385336772","Diary of a Mad Mom-To-Be",243,"2003",195,"http://images.amazon.com/images/P/0385336772.01.LZZZZZZZ.jpg"
"0440949424","Locked in Time (Laurel Leaf Books)",244,"1986",196,"http://images.amazon.com/images/P/0440949424.01.LZZZZZZZ.jpg"
"0505524996","Contact",245,"2002",197,"http://images.amazon.com/images/P/0505524996.01.LZZZZZZZ.jpg"
"0140252800","The Brimstone Wedding",246,"1997",198,"http://images.amazon.com/images/P/0140252800.01.LZZZZZZZ.jpg"
"0451452755","The Catswold Portal",247,"1993",199,"http://images.amazon.com/images/P/0451452755.01.LZZZZZZZ.jpg"
"0812575482","Through Wolf's Eyes (Wolf)",248,"2002",200,"http://images.amazon.com/images/P/0812575482.01.LZZZZZZZ.jpg"
"044651747X","Puerto Vallarta Squeeze",229,"1995",173,"http://images.amazon.com/images/P/044651747X.01.LZZZZZZZ.jpg"
"0060801263","Tree Grows In Brooklyn",249,"1988",201,"http://images.amazon.com/images/P/0060801263.01.LZZZZZZZ.jpg"
"0061030147","Cybill Disobedience: How I Survived Beauty Pageants, Elvis, Sex, Bruce Willis, Lies, Marriage, Motherhood, Hollywood, and the Irrepressible Urge to Say What I Think",250,"2001",145,"http://images.amazon.com/images/P/0061030147.01.LZZZZZZZ.jpg"
"0140250964","Snow Angels",251,"1995",155,"http://images.amazon.com/images/P/0140250964.01.LZZZZZZZ.jpg"
"0446527165","Wish You Well",252,"2000",173,"http://images.amazon.com/images/P/0446527165.01.LZZZZZZZ.jpg"
"0671461494","The Hitchhiker's Guide to the Galaxy",253,"1982",139,"http://images.amazon.com/images/P/0671461494.01.LZZZZZZZ.jpg"
"0385337639","Crow Lake (Today Show Book Club #7)",254,"2003",195,"http://images.amazon.com/images/P/0385337639.01.LZZZZZZZ.jpg"
"039575514X","My Antonia",255,"1995",202,"http://images.amazon.com/images/P/039575514X.01.LZZZZZZZ.jpg"
"0451206673","Pen Pals",256,"2002",156,"http://images.amazon.com/images/P/0451206673.01.LZZZZZZZ.jpg"
"0330332775","Bridget Jones's Diary",257,"1997",203,"http://images.amazon.com/images/P/0330332775.01.LZZZZZZZ.jpg"
"0486284735","Pride and Prejudice (Dover Thrift Editions)",141,"1995",204,"http://images.amazon.com/images/P/0486284735.01.LZZZZZZZ.jpg"
"0671021745","EYE ON CRIME: HARDY BOYS #153",258,"1998",125,"http://images.amazon.com/images/P/0671021745.01.LZZZZZZZ.jpg"
"0671047612","Skin And Bones",258,"2000",125,"http://images.amazon.com/images/P/0671047612.01.LZZZZZZZ.jpg"
"0671504282","LAW OF THE JUNGLE (HARDY BOYS CASE FILE 105) : LAW OF THE JUNGLE (Hardy Boys, The)",258,"1995",205,"http://images.amazon.com/images/P/0671504282.01.LZZZZZZZ.jpg"
"0399138684","The Cat Who Came to Breakfast (Cat Who... (Hardcover))",259,"1994",105,"http://images.amazon.com/images/P/0399138684.01.LZZZZZZZ.jpg"
"0785263292","If Singleness Is a Gift, What's the Return Policy?",260,"2003",206,"http://images.amazon.com/images/P/0785263292.01.LZZZZZZZ.jpg"
"0830714014","Always Daddy's Girl: Understanding Your Father's Impact on Who You Are",261,"1989",207,"http://images.amazon.com/images/P/0830714014.01.LZZZZZZZ.jpg"
"0345354931","Night Mare (Xanth Novels (Paperback))",262,"1990",208,"http://images.amazon.com/images/P/0345354931.01.LZZZZZZZ.jpg"
"0553278223","The Martian Chronicles",263,"1984",209,"http://images.amazon.com/images/P/0553278223.01.LZZZZZZZ.jpg"
"3150000335","Kabale Und Liebe",264,"0",210,"http://images.amazon.com/images/P/3150000335.01.LZZZZZZZ.jpg"
"3257203659","Der illustrierte Mann. Erz ?¤hlungen.",265,"2002",211,"http://images.amazon.com/images/P/3257203659.01.LZZZZZZZ.jpg"
"3257207522","Der K ?¶nig in Gelb.",266,"1980",212,"http://images.amazon.com/images/P/3257207522.01.LZZZZZZZ.jpg"
"3257208626","Fahrenheit 451",265,"1994",213,"http://images.amazon.com/images/P/3257208626.01.LZZZZZZZ.jpg"
"3257208634","Die Mars- Chroniken. Roman in Erz ?¤hlungen.",265,"1981",212,"http://images.amazon.com/images/P/3257208634.01.LZZZZZZZ.jpg"
"3257208669","Das B ?¶se kommt auf leisen Sohlen.",265,"2003",211,"http://images.amazon.com/images/P/3257208669.01.LZZZZZZZ.jpg"
"3257210450","L ?¶wenzahnwein. Roman.",265,"1999",212,"http://images.amazon.com/images/P/3257210450.01.LZZZZZZZ.jpg"
"3257212054","Das Kind von morgen. Erz ?¤hlungen.",265,"2000",212,"http://images.amazon.com/images/P/3257212054.01.LZZZZZZZ.jpg"
"3257212429","Die Mechanismen der Freude. Erz ?¤hlungen.",265,"2000",212,"http://images.amazon.com/images/P/3257212429.01.LZZZZZZZ.jpg"
"3257214154","Familientreffen. Erz ?¤hlungen.",265,"2000",212,"http://images.amazon.com/images/P/3257214154.01.LZZZZZZZ.jpg"
"3257216416","Der Tod kommt schnell in Mexico. Erz ?¤hlungen.",265,"1988",212,"http://images.amazon.com/images/P/3257216416.01.LZZZZZZZ.jpg"
"3257233051","Veronika Deschliesst Zu Sterben / Vernika Decides to Die",267,"2002",170,"http://images.amazon.com/images/P/3257233051.01.LZZZZZZZ.jpg"
"342311360X","Die Liebe in Den Zelten",226,"0",214,"http://images.amazon.com/images/P/342311360X.01.LZZZZZZZ.jpg"
"3423116714","Die Klone der Joanna May. Roman.",268,"1993",215,"http://images.amazon.com/images/P/3423116714.01.LZZZZZZZ.jpg"
"3423241489","Ist mein Hintern wirklich so dick? Tagebuch einer empfindsamen Frau.",269,"1998",215,"http://images.amazon.com/images/P/3423241489.01.LZZZZZZZ.jpg"
"3426605686","Haifischfrauen.",270,"1996",216,"http://images.amazon.com/images/P/3426605686.01.LZZZZZZZ.jpg"
"3453212150","Die Cappuccino- Jahre. Aus dem Tagebuch des Adrian Mole.",271,"2002",217,"http://images.amazon.com/images/P/3453212150.01.LZZZZZZZ.jpg"
"3462021095","Schwarzer Tee mit drei Stück Zucker",272,"1991",218,"http://images.amazon.com/images/P/3462021095.01.LZZZZZZZ.jpg"
"3492045642","Quersch ?¼sse - Downsize This!",273,"2003",219,"http://images.amazon.com/images/P/3492045642.01.LZZZZZZZ.jpg"
"3498020862","Die Korrekturen.",274,"2002",220,"http://images.amazon.com/images/P/3498020862.01.LZZZZZZZ.jpg"
"3499110695","Neun Erz ?¤hlungen.",275,"1968",221,"http://images.amazon.com/images/P/3499110695.01.LZZZZZZZ.jpg"
"3499151502","Hebt den Dachbalken hoch, Zimmerleute / Seymour wird vorgestellt.",275,"1998",221,"http://images.amazon.com/images/P/3499151502.01.LZZZZZZZ.jpg"
"3518111000","Ulysses ( ? ?bersetzg. Wollschl ?¤ger). ( Neue Folge, 100).",276,"1981",222,"http://images.amazon.com/images/P/3518111000.01.LZZZZZZZ.jpg"
"3548254268","Eine ganz normale Aff ?¤re.",277,"2002",223,"http://images.amazon.com/images/P/3548254268.01.LZZZZZZZ.jpg"
"3570300099","Das Intimleben des Adrian Mole, 13 3/4 Jahre. cbt. ( Ab 14 J.).",271,"2002",224,"http://images.amazon.com/images/P/3570300099.01.LZZZZZZZ.jpg"
"3596292646","Das Buch der l ?¤cherlichen Liebe.",278,"2000",225,"http://images.amazon.com/images/P/3596292646.01.LZZZZZZZ.jpg"
"0060977493","The God of Small Things",279,"1998",165,"http://images.amazon.com/images/P/0060977493.01.LZZZZZZZ.jpg"
"0312872682","The James Dean Affair: A Neil Gulliver &,280,"Robert S. Levinson",226,"http://images.amazon.com/images/P/0312872682.01.LZZZZZZZ.jpg"
"0316602906","The Big Bad Wolf: A Novel",208,"2003",168,"http://images.amazon.com/images/P/0316602906.01.LZZZZZZZ.jpg"
"0316693006","Four Blind Mice",208,"2002",168,"http://images.amazon.com/images/P/0316693006.01.LZZZZZZZ.jpg"
"0345311396","Private Screening",135,"1994",127,"http://images.amazon.com/images/P/0345311396.01.LZZZZZZZ.jpg"
"0345378490","Congo",127,"1995",127,"http://images.amazon.com/images/P/0345378490.01.LZZZZZZZ.jpg"
"0345404793","Protect and Defend",135,"2001",127,"http://images.amazon.com/images/P/0345404793.01.LZZZZZZZ.jpg"
"0345433173","The Tall Pine Polka",281,"1999",127,"http://images.amazon.com/images/P/0345433173.01.LZZZZZZZ.jpg"
"0375400117","Memoirs of a Geisha",282,"1997",131,"http://images.amazon.com/images/P/0375400117.01.LZZZZZZZ.jpg"
"0375705856","Plainsong (Vintage Contemporaries)",283,"2000",174,"http://images.amazon.com/images/P/0375705856.01.LZZZZZZZ.jpg"
"0380717018","Body of Evidence (Kay Scarpetta Mysteries (Paperback))",284,"1992",134,"http://images.amazon.com/images/P/0380717018.01.LZZZZZZZ.jpg"
"0380718332","All That Remains (Kay Scarpetta Mysteries (Paperback))",284,"1993",134,"http://images.amazon.com/images/P/0380718332.01.LZZZZZZZ.jpg"
"0380754509","The Case of the Lost Look-Alike (An Avon Camelot Book)",285,"1988",145,"http://images.amazon.com/images/P/0380754509.01.LZZZZZZZ.jpg"
"038076654X","Petals on the River",286,"1997",154,"http://images.amazon.com/images/P/038076654X.01.LZZZZZZZ.jpg"
"0380807866","The Elusive Flame",286,"1999",134,"http://images.amazon.com/images/P/0380807866.01.LZZZZZZZ.jpg"
"0385316895","Legacy of Silence",287,"1998",227,"http://images.amazon.com/images/P/0385316895.01.LZZZZZZZ.jpg"
"0385497466","The Brethren",152,"2000",228,"http://images.amazon.com/images/P/0385497466.01.LZZZZZZZ.jpg"
"0385508042","The King of Torts",118,"2003",172,"http://images.amazon.com/images/P/0385508042.01.LZZZZZZZ.jpg"
"0385509456","The Curious Incident of the Dog in the Night-Time : A Novel",288,"2003",228,"http://images.amazon.com/images/P/0385509456.01.LZZZZZZZ.jpg"
"0385511612","Bleachers",118,"2003",228,"http://images.amazon.com/images/P/0385511612.01.LZZZZZZZ.jpg"
"0385730586","Sisterhood of the Traveling Pants",289,"2003",229,"http://images.amazon.com/images/P/0385730586.01.LZZZZZZZ.jpg"
"0425164403","Only Love (Magical Love)",290,"1998",106,"http://images.amazon.com/images/P/0425164403.01.LZZZZZZZ.jpg"
"0440234964","All or Nothing (Wheeler Large Print Books)",291,"2000",230,"http://images.amazon.com/images/P/0440234964.01.LZZZZZZZ.jpg"
"0446605484","Roses Are Red (Alex Cross Novels)",208,"2001",231,"http://images.amazon.com/images/P/0446605484.01.LZZZZZZZ.jpg"
"0446610399","The Rescue",292,"2001",173,"http://images.amazon.com/images/P/0446610399.01.LZZZZZZZ.jpg"
"0449006522","Manhattan Hunt Club",293,"2002",127,"http://images.amazon.com/images/P/0449006522.01.LZZZZZZZ.jpg"
"0449911004","Patty Jane's House of Curl (Ballantine Reader's Circle)",294,"1996",127,"http://images.amazon.com/images/P/0449911004.01.LZZZZZZZ.jpg"
"0451162072","Pet Sematary",219,"1994",156,"http://images.amazon.com/images/P/0451162072.01.LZZZZZZZ.jpg"
"0451186648","Silent Snow",295,"2000",156,"http://images.amazon.com/images/P/0451186648.01.LZZZZZZZ.jpg"
"0452282152","Girl with a Pearl Earring",296,"2001",232,"http://images.amazon.com/images/P/0452282152.01.LZZZZZZZ.jpg"
"051513290X","Summer of Storms",297,"2002",233,"http://images.amazon.com/images/P/051513290X.01.LZZZZZZZ.jpg"
"0553580388","The Patient",298,"2001",138,"http://images.amazon.com/images/P/0553580388.01.LZZZZZZZ.jpg"
"0590598848","Demona's Revenge (Gargoyles, No. 2)",299,"1995",124,"http://images.amazon.com/images/P/0590598848.01.LZZZZZZZ.jpg"
"0590629719","Clifford's Sports Day",300,"1996",124,"http://images.amazon.com/images/P/0590629719.01.LZZZZZZZ.jpg"
"0671023616","Postmortem (Kay Scarpetta Mysteries (Paperback))",147,"1998",139,"http://images.amazon.com/images/P/0671023616.01.LZZZZZZZ.jpg"
"0671027387","Deception Point",301,"2002",139,"http://images.amazon.com/images/P/0671027387.01.LZZZZZZZ.jpg"
"0684848783","Tis : A Memoir",302,"1999",109,"http://images.amazon.com/images/P/0684848783.01.LZZZZZZZ.jpg"
"0743486226","Angels &,211,"Dan Brown",234,"http://images.amazon.com/images/P/0743486226.01.LZZZZZZZ.jpg"
"0786863986","A Monk Swimming",303,"1998",175,"http://images.amazon.com/images/P/0786863986.01.LZZZZZZZ.jpg"
"0803251718","Crazy Horse",304,"1961",235,"http://images.amazon.com/images/P/0803251718.01.LZZZZZZZ.jpg"
"0804117934","The Silent Cry (William Monk Novels (Paperback))",305,"1998",236,"http://images.amazon.com/images/P/0804117934.01.LZZZZZZZ.jpg"
"140003180X","The Kalahari Typing School for Men (No. 1 Ladies' Detective Agency)",306,"2004",187,"http://images.amazon.com/images/P/140003180X.01.LZZZZZZZ.jpg"
"155874262X","Chicken Soup for the Soul (Chicken Soup for the Soul)",114,"1993",114,"http://images.amazon.com/images/P/155874262X.01.LZZZZZZZ.jpg"
"0060987103","Wicked: The Life and Times of the Wicked Witch of the West",307,"1996",237,"http://images.amazon.com/images/P/0060987103.01.LZZZZZZZ.jpg"
"0151008116","Life of Pi",308,"2002",238,"http://images.amazon.com/images/P/0151008116.01.LZZZZZZZ.jpg"
"0375704965","A Judgement in Stone",309,"2000",239,"http://images.amazon.com/images/P/0375704965.01.LZZZZZZZ.jpg"
"0525947647","Lies and the Lying Liars Who Tell Them: A Fair and Balanced Look at the Right",310,"2003",240,"http://images.amazon.com/images/P/0525947647.01.LZZZZZZZ.jpg"
"0804111359","Secret History",311,"1993",127,"http://images.amazon.com/images/P/0804111359.01.LZZZZZZZ.jpg"
"1558744150","Chicken Soup for the Woman's Soul (Chicken Soup for the Soul Series (Paper))",114,"1996",114,"http://images.amazon.com/images/P/1558744150.01.LZZZZZZZ.jpg"
"0435272683","Great Expectations (Heinemann Guided Readers)",312,"1995",241,"http://images.amazon.com/images/P/0435272683.01.LZZZZZZZ.jpg"
"0316782505","The Weight of Water",213,"2001",168,"http://images.amazon.com/images/P/0316782505.01.LZZZZZZZ.jpg"
"006102063X","Moving Pictures (Discworld Novels (Paperback))",313,"2002",137,"http://images.amazon.com/images/P/006102063X.01.LZZZZZZZ.jpg"
"0060013117","Night Watch",313,"2002",242,"http://images.amazon.com/images/P/0060013117.01.LZZZZZZZ.jpg"
"0060199563","Thief of Time",313,"2001",142,"http://images.amazon.com/images/P/0060199563.01.LZZZZZZZ.jpg"
"006052779X","Charlotte's Web Book and Charm (Charming Classics)",314,"2003",243,"http://images.amazon.com/images/P/006052779X.01.LZZZZZZZ.jpg"
"0060563079","Peter Pan: The Original Story (Peter Pan)",315,"2003",243,"http://images.amazon.com/images/P/0060563079.01.LZZZZZZZ.jpg"
"0060809027","My Friend Flicka",316,"1988",165,"http://images.amazon.com/images/P/0060809027.01.LZZZZZZZ.jpg"
"0061040967","The Last Hero : A Discworld Fable (Discworld Novels (Hardcover))",313,"2001",242,"http://images.amazon.com/images/P/0061040967.01.LZZZZZZZ.jpg"
"0061050474","Jingo: A Discworld Novel (Discworld Series/Terry Pratchett)",313,"1998",244,"http://images.amazon.com/images/P/0061050474.01.LZZZZZZZ.jpg"
"0061052515","Maskerade: A Novel of Discworld (Pratchett, Terry. Discworld Series (New York, N.Y.).)",313,"1997",244,"http://images.amazon.com/images/P/0061052515.01.LZZZZZZZ.jpg"
"0061052523","Interesting Times: A Novel of Discworld",313,"1997",133,"http://images.amazon.com/images/P/0061052523.01.LZZZZZZZ.jpg"
"0064472264","On the Bright Side, I'm Now the Girlfriend of a Sex God: Further Confessions of Georgia Nicolson",317,"2002",245,"http://images.amazon.com/images/P/0064472264.01.LZZZZZZZ.jpg"
"0140620664","Mansfield Park (Penguin Popular Classics)",141,"1994",198,"http://images.amazon.com/images/P/0140620664.01.LZZZZZZZ.jpg"
"0312148267","The Wind in the Willows",318,"1996",152,"http://images.amazon.com/images/P/0312148267.01.LZZZZZZZ.jpg"
"0312156960","The Winter King: A Novel of Arthur (The Warlord Chronicles: I)",319,"1997",246,"http://images.amazon.com/images/P/0312156960.01.LZZZZZZZ.jpg"
"0312890044","Moonheart (Newford)",320,"1994",247,"http://images.amazon.com/images/P/0312890044.01.LZZZZZZZ.jpg"
"034543191X","The King of Elfland's Daughter (Del Rey Impact)",321,"1999",208,"http://images.amazon.com/images/P/034543191X.01.LZZZZZZZ.jpg"
"0373836023","Powder and Patch",322,"2004",248,"http://images.amazon.com/images/P/0373836023.01.LZZZZZZZ.jpg"
"0375751513","The Picture of Dorian Gray (Modern Library (Paperback))",323,"1998",249,"http://images.amazon.com/images/P/0375751513.01.LZZZZZZZ.jpg"
"0375801677","The Iron Giant",324,"1999",250,"http://images.amazon.com/images/P/0375801677.01.LZZZZZZZ.jpg"
"0375814248","James and the Giant Peach",325,"2002",250,"http://images.amazon.com/images/P/0375814248.01.LZZZZZZZ.jpg"
"0375823352","The Amber Spyglass (His Dark Materials, Book 3)",175,"2002",250,"http://images.amazon.com/images/P/0375823352.01.LZZZZZZZ.jpg"
"037582345X","The Golden Compass (His Dark Materials, Book 1)",175,"2002",250,"http://images.amazon.com/images/P/037582345X.01.LZZZZZZZ.jpg"
"0375823468","The Subtle Knife (His Dark Materials, Book 2)",175,"2002",250,"http://images.amazon.com/images/P/0375823468.01.LZZZZZZZ.jpg"
"0380730448","The Adrian Mole Diaries : The Secret Diary of Adrian Mole, Aged 13 3/4 : The Growing Pains of Adrian Mole",271,"1997",165,"http://images.amazon.com/images/P/0380730448.01.LZZZZZZZ.jpg"
"0380973839","Martian Chronicles",265,"1997",251,"http://images.amazon.com/images/P/0380973839.01.LZZZZZZZ.jpg"
"0385327773","The Great God Pan",326,"2003",252,"http://images.amazon.com/images/P/0385327773.01.LZZZZZZZ.jpg"
"0394586239","Possession: A Romance",327,"1990",253,"http://images.amazon.com/images/P/0394586239.01.LZZZZZZZ.jpg"
"0439510112","Born Confused",328,"2003",254,"http://images.amazon.com/images/P/0439510112.01.LZZZZZZZ.jpg"
"0440241413","Confessions of a Shopaholic",329,"2003",118,"http://images.amazon.com/images/P/0440241413.01.LZZZZZZZ.jpg"
"0451409256","Making Minty Malone",330,"2000",182,"http://images.amazon.com/images/P/0451409256.01.LZZZZZZZ.jpg"
"0451523415","Little Women (Signet Classic)",331,"1988",255,"http://images.amazon.com/images/P/0451523415.01.LZZZZZZZ.jpg"
"0451526279","Emma (Signet Classics (Paperback))",141,"1996",255,"http://images.amazon.com/images/P/0451526279.01.LZZZZZZZ.jpg"
"0451526341","Animal Farm",332,"2004",256,"http://images.amazon.com/images/P/0451526341.01.LZZZZZZZ.jpg"
"0486415864","Great Expectations (Dover Thrift Editions)",333,"2001",204,"http://images.amazon.com/images/P/0486415864.01.LZZZZZZZ.jpg"
"0553280589","Eva Luna",334,"1989",138,"http://images.amazon.com/images/P/0553280589.01.LZZZZZZZ.jpg"
"0571197639","Poisonwood Bible Edition Uk",139,"0",257,"http://images.amazon.com/images/P/0571197639.01.LZZZZZZZ.jpg"
"0670035262","The Green Man : Tales from the Mythic Forest",335,"2002",258,"http://images.amazon.com/images/P/0670035262.01.LZZZZZZZ.jpg"
"0679423079","Nicholas Nickleby (Everyman's Library)",333,"1993",131,"http://images.amazon.com/images/P/0679423079.01.LZZZZZZZ.jpg"
"0679751343","Angels &,336,"A.S. BYATT",259,"http://images.amazon.com/images/P/0679751343.01.LZZZZZZZ.jpg"
"0684833395","Catch 22",337,"1996",164,"http://images.amazon.com/images/P/0684833395.01.LZZZZZZZ.jpg"
"0743245024","The Forsyte Saga : The Man of Property and In Chancery",338,"2002",260,"http://images.amazon.com/images/P/0743245024.01.LZZZZZZZ.jpg"
"0749748001","The Enchanted Wood",339,"2002",261,"http://images.amazon.com/images/P/0749748001.01.LZZZZZZZ.jpg"
"0749748028","The Folk of the Faraway Tree",339,"2002",261,"http://images.amazon.com/images/P/0749748028.01.LZZZZZZZ.jpg"
"0963094424","Angels and Visitations: A Miscellany",340,"1993",262,"http://images.amazon.com/images/P/0963094424.01.LZZZZZZZ.jpg"
"1401201172","League of Extraordinary Gentlemen, Vol. 2 (Comic)",341,"2003",263,"http://images.amazon.com/images/P/1401201172.01.LZZZZZZZ.jpg"
"1563892278","Preludes and Nocturnes (Sandman, Book 1)",340,"1998",263,"http://images.amazon.com/images/P/1563892278.01.LZZZZZZZ.jpg"
"1563898586","The League of Extraordinary Gentlemen, Vol. 1",341,"2002",263,"http://images.amazon.com/images/P/1563898586.01.LZZZZZZZ.jpg"
"156971620X","Harlequin Valentine",340,"2002",264,"http://images.amazon.com/images/P/156971620X.01.LZZZZZZZ.jpg"
"1592571301","Alpha Teach Yourself American Sign Language in 24 Hours (Alpha Teach Yourself in 24 Hours)",342,"2003",265,"http://images.amazon.com/images/P/1592571301.01.LZZZZZZZ.jpg"
"0374270325","A Man in Full",343,"1998",266,"http://images.amazon.com/images/P/0374270325.01.LZZZZZZZ.jpg"
"0375719180","The Miracle Life of Edgar Mint: A Novel",344,"2002",239,"http://images.amazon.com/images/P/0375719180.01.LZZZZZZZ.jpg"
"0440235502","October Sky: A Memoir",345,"1999",118,"http://images.amazon.com/images/P/0440235502.01.LZZZZZZZ.jpg"
"044023722X","A Painted House",118,"2001",267,"http://images.amazon.com/images/P/044023722X.01.LZZZZZZZ.jpg"
"1573225487","The Romance Reader",346,"1996",268,"http://images.amazon.com/images/P/1573225487.01.LZZZZZZZ.jpg"
"1853260673","Far from the Madding Crowd (Wordsworth Classics)",168,"1997",151,"http://images.amazon.com/images/P/1853260673.01.LZZZZZZZ.jpg"
"0060977477","The Perfect Storm : A True Story of Men Against the Sea",347,"1999",165,"http://images.amazon.com/images/P/0060977477.01.LZZZZZZZ.jpg"
"0345391691","The Battle for God",348,"2001",127,"http://images.amazon.com/images/P/0345391691.01.LZZZZZZZ.jpg"
"0520011171","Sappho: A New Translation",349,"1958",269,"http://images.amazon.com/images/P/0520011171.01.LZZZZZZZ.jpg"
"0553278746","The Postman (Bantam Classics)",350,"1990",270,"http://images.amazon.com/images/P/0553278746.01.LZZZZZZZ.jpg"
"0670856045","The Tortilla Curtain",351,"1995",271,"http://images.amazon.com/images/P/0670856045.01.LZZZZZZZ.jpg"
"0872200760","Symposium",352,"1989",272,"http://images.amazon.com/images/P/0872200760.01.LZZZZZZZ.jpg"
"0937858994","The What's Happening to My Body? Book for Boys: A Growing Up Guide for Parents and Sons",353,"1987",273,"http://images.amazon.com/images/P/0937858994.01.LZZZZZZZ.jpg"
"0671649949","OBJECT AFFECTION",354,"1988",274,"http://images.amazon.com/images/P/0671649949.01.LZZZZZZZ.jpg"
"0590431110","The Journey Home",355,"1993",275,"http://images.amazon.com/images/P/0590431110.01.LZZZZZZZ.jpg"
"0064470113","Taking the Ferry Home",356,"1990",276,"http://images.amazon.com/images/P/0064470113.01.LZZZZZZZ.jpg"
"0553571486","Angel of Hope (Mercy Trilogy)",357,"2000",277,"http://images.amazon.com/images/P/0553571486.01.LZZZZZZZ.jpg"
"0972044205","The Breach",358,"2002",278,"http://images.amazon.com/images/P/0972044205.01.LZZZZZZZ.jpg"
"0312963009","Neanderthal: A Novel",359,"1997",152,"http://images.amazon.com/images/P/0312963009.01.LZZZZZZZ.jpg"
"0345430476","A Small Dark Place",360,"1999",127,"http://images.amazon.com/images/P/0345430476.01.LZZZZZZZ.jpg"
"0345435869","The Rivan Codex : Ancient Texts of THE BELGARIAD and THE MALLOREON",361,"1999",279,"http://images.amazon.com/images/P/0345435869.01.LZZZZZZZ.jpg"
"0380728729","Babyhood",362,"1998",134,"http://images.amazon.com/images/P/0380728729.01.LZZZZZZZ.jpg"
"038081840X","Year's Best Fantasy (Year's Best Fantasy)",363,"2001",280,"http://images.amazon.com/images/P/038081840X.01.LZZZZZZZ.jpg"
"0449912302","Dave Barry in Cyberspace",364,"1997",127,"http://images.amazon.com/images/P/0449912302.01.LZZZZZZZ.jpg"
"055329198X","Wolf Moon",365,"1997",135,"http://images.amazon.com/images/P/055329198X.01.LZZZZZZZ.jpg"
"0671018930","The War in Heaven (Eternal Warriors)",366,"2000",139,"http://images.amazon.com/images/P/0671018930.01.LZZZZZZZ.jpg"
"0812541642","Waiting",367,"2000",140,"http://images.amazon.com/images/P/0812541642.01.LZZZZZZZ.jpg"
"0312988699","Nowhere To Run",368,"2004",281,"http://images.amazon.com/images/P/0312988699.01.LZZZZZZZ.jpg"
"0486282112","Frankenstein (Dover Thrift Editions)",369,"1994",204,"http://images.amazon.com/images/P/0486282112.01.LZZZZZZZ.jpg"
"8483007010","El gust amarg de la cervesa (Collecció Clàssica)",370,"1999",282,"http://images.amazon.com/images/P/8483007010.01.LZZZZZZZ.jpg"
"0670815373","Urn Burial",371,"1987",283,"http://images.amazon.com/images/P/0670815373.01.LZZZZZZZ.jpg"
"0385313748","All Our Yesterdays (Large Print)",372,"1994",284,"http://images.amazon.com/images/P/0385313748.01.LZZZZZZZ.jpg"
"1575843366","What Shall I Be (Barbie Carryalong)",373,"1999",285,"http://images.amazon.com/images/P/1575843366.01.LZZZZZZZ.jpg"
"0684193957","ALL THAT REMAINS",147,"1992",109,"http://images.amazon.com/images/P/0684193957.01.LZZZZZZZ.jpg"
"0345371984","Last Chance to See",253,"1992",127,"http://images.amazon.com/images/P/0345371984.01.LZZZZZZZ.jpg"
"0380730138","Vinegar Hill (Oprah's Book Club (Paperback))",374,"1998",165,"http://images.amazon.com/images/P/0380730138.01.LZZZZZZZ.jpg"
"1573228737","Affinity",375,"2002",268,"http://images.amazon.com/images/P/1573228737.01.LZZZZZZZ.jpg"
"9681500555","Diario de Ana Frank",376,"2000",286,"http://images.amazon.com/images/P/9681500555.01.LZZZZZZZ.jpg"
"0380711109","Desert Notes/River Notes",377,"1990",287,"http://images.amazon.com/images/P/0380711109.01.LZZZZZZZ.jpg"
"0452283914","The Best Democracy Money Can Buy: The Truth About Corporate Cons, Globalization and High-Finance Fraudsters",378,"2003",232,"http://images.amazon.com/images/P/0452283914.01.LZZZZZZZ.jpg"
"0425120279","The Hunt for Red October",222,"1990",106,"http://images.amazon.com/images/P/0425120279.01.LZZZZZZZ.jpg"
"067153484X","The Music Box",379,"1998",139,"http://images.amazon.com/images/P/067153484X.01.LZZZZZZZ.jpg"
"0380728273","Liberty Falling (Anna Pigeon Mysteries (Paperback))",380,"2000",134,"http://images.amazon.com/images/P/0380728273.01.LZZZZZZZ.jpg"
"8433914545","El Palacio de La Luna",381,"1996",288,"http://images.amazon.com/images/P/8433914545.01.LZZZZZZZ.jpg"
"8484509141","Mientras Escribo",219,"2002",170,"http://images.amazon.com/images/P/8484509141.01.LZZZZZZZ.jpg"
"0446606197","Killer Market (Deborah Knott Mysteries (Paperback))",382,"1999",173,"http://images.amazon.com/images/P/0446606197.01.LZZZZZZZ.jpg"
"0771076002","Remembering Peter Gzowski : A Book of Tributes",383,"2002",289,"http://images.amazon.com/images/P/0771076002.01.LZZZZZZZ.jpg"
"0771088191","The Best Canadian Animal Stories: Classic Tales by Master Storytellers",384,"1997",290,"http://images.amazon.com/images/P/0771088191.01.LZZZZZZZ.jpg"
"1559703237","Trying to Save Piggy Sneed",385,"1996",291,"http://images.amazon.com/images/P/1559703237.01.LZZZZZZZ.jpg"
"3596214629","Herr Der Fliegen (Fiction, Poetry and Drama)",386,"0",292,"http://images.amazon.com/images/P/3596214629.01.LZZZZZZZ.jpg"
"0062770500","Seattle Access",387,"1993",293,"http://images.amazon.com/images/P/0062770500.01.LZZZZZZZ.jpg"
"0671847546","REAL GUIDE: CALIFORNIA AND THE WEST COAST (The Real guides)",388,"1993",294,"http://images.amazon.com/images/P/0671847546.01.LZZZZZZZ.jpg"
"0060188731","Bel Canto",389,"2001",142,"http://images.amazon.com/images/P/0060188731.01.LZZZZZZZ.jpg"
"0140374248","James and the Giant Peach",390,"2000",295,"http://images.amazon.com/images/P/0140374248.01.LZZZZZZZ.jpg"
"0142001740","The Secret Life of Bees",391,"2003",155,"http://images.amazon.com/images/P/0142001740.01.LZZZZZZZ.jpg"
"0195086295","What a Wonderful World: A Lifetime of Recordings",392,"1995",100,"http://images.amazon.com/images/P/0195086295.01.LZZZZZZZ.jpg"
"0312995423","Digital Fortress : A Thriller",301,"2003",152,"http://images.amazon.com/images/P/0312995423.01.LZZZZZZZ.jpg"
"0380704587","The Ladies of Missalonghi",393,"1988",134,"http://images.amazon.com/images/P/0380704587.01.LZZZZZZZ.jpg"
"0380815923","Blackberry Wine : A Novel",394,"2001",165,"http://images.amazon.com/images/P/0380815923.01.LZZZZZZZ.jpg"
"0385416342","The Firm",118,"1991",172,"http://images.amazon.com/images/P/0385416342.01.LZZZZZZZ.jpg"
"0385418493","How the Irish Saved Civilization: The Untold Story of Ireland's Heroic Role from the Fall of Rome to the Rise of Medieval Europe (Hinges of History)",395,"1996",187,"http://images.amazon.com/images/P/0385418493.01.LZZZZZZZ.jpg"
"038542471X","The Client",118,"1993",172,"http://images.amazon.com/images/P/038542471X.01.LZZZZZZZ.jpg"
"0425098109","Thieves of Light (Photon : the Ultimate Game on Planet Earth)",396,"1987",106,"http://images.amazon.com/images/P/0425098109.01.LZZZZZZZ.jpg"
"0449005410","Horse Heaven (Ballantine Reader's Circle)",397,"2001",127,"http://images.amazon.com/images/P/0449005410.01.LZZZZZZZ.jpg"
"0449202631","Danger",398,"1985",191,"http://images.amazon.com/images/P/0449202631.01.LZZZZZZZ.jpg"
"0449207544","Proof",398,"1990",191,"http://images.amazon.com/images/P/0449207544.01.LZZZZZZZ.jpg"
"0515128554","Heart of the Sea (Irish Trilogy)",399,"2000",233,"http://images.amazon.com/images/P/0515128554.01.LZZZZZZZ.jpg"
"0517577402","Mostly Harmless",253,"1992",253,"http://images.amazon.com/images/P/0517577402.01.LZZZZZZZ.jpg"
"0590450875","I Spy: A Book of Picture Riddles",400,"1992",124,"http://images.amazon.com/images/P/0590450875.01.LZZZZZZZ.jpg"
"0590481371","I Spy Spooky Night: A Book of Picture Riddles (I Spy Books)",401,"1996",124,"http://images.amazon.com/images/P/0590481371.01.LZZZZZZZ.jpg"
"067103619X","Lake News",402,"2000",139,"http://images.amazon.com/images/P/067103619X.01.LZZZZZZZ.jpg"
"0684177730","The SKULL BENEATH THE SKIN",403,"1982",109,"http://images.amazon.com/images/P/0684177730.01.LZZZZZZZ.jpg"
"0684180200","NEW SHOE",404,"1983",296,"http://images.amazon.com/images/P/0684180200.01.LZZZZZZZ.jpg"
"0743411269","An Accidental Woman",402,"2003",297,"http://images.amazon.com/images/P/0743411269.01.LZZZZZZZ.jpg"
"0743470389","The Snow Garden",405,"2004",298,"http://images.amazon.com/images/P/0743470389.01.LZZZZZZZ.jpg"
"076218857X","The Doorbell Rang (The Best Mysteries of All Time)",406,"2000",299,"http://images.amazon.com/images/P/076218857X.01.LZZZZZZZ.jpg"
"0767905938","A Year by the Sea: Thoughts of an Unfinished Woman",407,"2000",300,"http://images.amazon.com/images/P/0767905938.01.LZZZZZZZ.jpg"
"0800706544","Though I walk through the valley",408,"1974",301,"http://images.amazon.com/images/P/0800706544.01.LZZZZZZZ.jpg"
"0801096677","Victorious Christians You Should Know",409,"1984",302,"http://images.amazon.com/images/P/0801096677.01.LZZZZZZZ.jpg"
"0849953014","Life Lessons: Book Of Hebrews",410,"1997",303,"http://images.amazon.com/images/P/0849953014.01.LZZZZZZZ.jpg"
"0891091963","Inside out",411,"1988",304,"http://images.amazon.com/images/P/0891091963.01.LZZZZZZZ.jpg"
"0915811537","Son Rise: The Miracle Continues",412,"1994",305,"http://images.amazon.com/images/P/0915811537.01.LZZZZZZZ.jpg"
"0927545373","Unveiled at Last",413,"1988",306,"http://images.amazon.com/images/P/0927545373.01.LZZZZZZZ.jpg"
"1575024179","The Day I Almost Quit",414,"1997",307,"http://images.amazon.com/images/P/1575024179.01.LZZZZZZZ.jpg"
"1880185008","Serving As Senders: How to Care for Your Missionaries While They Are Preparing to Go, While They Are on the Field, When They Return Home",415,"1991",308,"http://images.amazon.com/images/P/1880185008.01.LZZZZZZZ.jpg"
"0140345809","House of Stairs",416,"1991",309,"http://images.amazon.com/images/P/0140345809.01.LZZZZZZZ.jpg"
"0156528207","The Little Prince",417,"1968",238,"http://images.amazon.com/images/P/0156528207.01.LZZZZZZZ.jpg"
"0380012863","Jonathan Livingston Seagull",418,"1976",134,"http://images.amazon.com/images/P/0380012863.01.LZZZZZZZ.jpg"
"0451154916","The Crystal Handbook",419,"1996",156,"http://images.amazon.com/images/P/0451154916.01.LZZZZZZZ.jpg"
"0785815147","Simple Wicca (Simple Wisdom Book)",420,"2002",310,"http://images.amazon.com/images/P/0785815147.01.LZZZZZZZ.jpg"
"0875421288","The Complete Book of Incense, Oils &,421,"Scott, Cunningham",311,"http://images.amazon.com/images/P/0875421288.01.LZZZZZZZ.jpg"
"1567184294","The Western Mysteries: An Encyclopedic Guide to the Sacred Languages &,422,"David Allen Hulse",226,"http://images.amazon.com/images/P/1567184294.01.LZZZZZZZ.jpg"
"156718796X","Astral Travel for Beginners (For Beginners)",423,"1998",312,"http://images.amazon.com/images/P/156718796X.01.LZZZZZZZ.jpg"
"1862047626","New Perspectives: Runes",424,"2000",313,"http://images.amazon.com/images/P/1862047626.01.LZZZZZZZ.jpg"
"0020437501","Rosie'S Walk",425,"1971",125,"http://images.amazon.com/images/P/0020437501.01.LZZZZZZZ.jpg"
"0198320264","Julius Caesar (Oxford School Shakespeare)",426,"2001",100,"http://images.amazon.com/images/P/0198320264.01.LZZZZZZZ.jpg"
"0373196989","Santa Brought A Son : Marrying The Boss's Daughter (Silhouette Romance, 1698)",427,"2003",314,"http://images.amazon.com/images/P/0373196989.01.LZZZZZZZ.jpg"
"0373245580","Marry Me ... Again   Montana Mavericks (Silhouette Special Edition, 1558)",428,"2003",314,"http://images.amazon.com/images/P/0373245580.01.LZZZZZZZ.jpg"
"0451527747","Alice's Adventures in Wonderland and Through the Looking Glass",429,"2000",255,"http://images.amazon.com/images/P/0451527747.01.LZZZZZZZ.jpg"
"0671867113","Moonlight Becomes You",145,"1997",139,"http://images.amazon.com/images/P/0671867113.01.LZZZZZZZ.jpg"
"0812504208","The Adventures of Tom Sawyer",430,"1989",140,"http://images.amazon.com/images/P/0812504208.01.LZZZZZZZ.jpg"
"0060173289","Divine Secrets of the Ya-Ya Sisterhood : A Novel",227,"1996",242,"http://images.amazon.com/images/P/0060173289.01.LZZZZZZZ.jpg"
"0060973897","Lakota Woman",431,"1991",165,"http://images.amazon.com/images/P/0060973897.01.LZZZZZZZ.jpg"
"006101351X","The Perfect Storm : A True Story of Men Against the Sea",347,"1998",137,"http://images.amazon.com/images/P/006101351X.01.LZZZZZZZ.jpg"
"0140104682","Heroes of Their Own Lives: The Politics and History of Family Violence, Boston 1880-1960",432,"1989",315,"http://images.amazon.com/images/P/0140104682.01.LZZZZZZZ.jpg"
"0312143370","The Florence King Reader",433,"1996",152,"http://images.amazon.com/images/P/0312143370.01.LZZZZZZZ.jpg"
"0316666343","The Lovely Bones: A Novel",434,"2002",168,"http://images.amazon.com/images/P/0316666343.01.LZZZZZZZ.jpg"
"039456894X","Impossible Vacation",435,"1992",253,"http://images.amazon.com/images/P/039456894X.01.LZZZZZZZ.jpg"
"0440224675","Hannibal",436,"2000",267,"http://images.amazon.com/images/P/0440224675.01.LZZZZZZZ.jpg"
"0449002632","London : The Novel",437,"1998",316,"http://images.amazon.com/images/P/0449002632.01.LZZZZZZZ.jpg"
"0449213773","Life Before Man",438,"1990",191,"http://images.amazon.com/images/P/0449213773.01.LZZZZZZZ.jpg"
"0452279690","Cavedweller",439,"1999",232,"http://images.amazon.com/images/P/0452279690.01.LZZZZZZZ.jpg"
"0553569058","The Robber Bride",438,"1995",135,"http://images.amazon.com/images/P/0553569058.01.LZZZZZZZ.jpg"
"0679427430","Wouldn't Take Nothing for My Journey Now",440,"1993",108,"http://images.amazon.com/images/P/0679427430.01.LZZZZZZZ.jpg"
"0679725393","The House of Mirth (Library of America)",441,"1990",239,"http://images.amazon.com/images/P/0679725393.01.LZZZZZZZ.jpg"
"0802114369","Ohitika Woman",442,"1993",305,"http://images.amazon.com/images/P/0802114369.01.LZZZZZZZ.jpg"
"0803233019","Black Elk Speaks: Being the Life Story of a Holy Man of the Oglala Sioux",443,"1988",235,"http://images.amazon.com/images/P/0803233019.01.LZZZZZZZ.jpg"
"0819154946","The Community in America",444,"1987",317,"http://images.amazon.com/images/P/0819154946.01.LZZZZZZZ.jpg"
"0897322339","The Best in Tent Camping: Smoky Mountains : A Guide for Campers Who Hate Rvs, Concrete Slabs, and Loud Portable Stereos (Best in Tent Camping Colorado)",445,"1997",318,"http://images.amazon.com/images/P/0897322339.01.LZZZZZZZ.jpg"
"0940322978","Mawrdew Czgowchwz (New York Review Books Classics)",446,"2002",319,"http://images.amazon.com/images/P/0940322978.01.LZZZZZZZ.jpg"
"1573225126","Prozac Nation: Young and Depressed in America : A Memoir",447,"1997",268,"http://images.amazon.com/images/P/1573225126.01.LZZZZZZZ.jpg"
"1579651658","The Journey From Here",448,"2000",320,"http://images.amazon.com/images/P/1579651658.01.LZZZZZZZ.jpg"
"1878424319","The Four Agreements: A Practical Guide to Personal Freedom",449,"1997",321,"http://images.amazon.com/images/P/1878424319.01.LZZZZZZZ.jpg"
"8401351421","El desarrollo de Leonardo da Vinci (Biografías y memorias)",450,"1986",322,"http://images.amazon.com/images/P/8401351421.01.LZZZZZZZ.jpg"
"8423324311","Gastronomia divina (L'áncora)",451,"1994",323,"http://images.amazon.com/images/P/8423324311.01.LZZZZZZZ.jpg"
"8427007450","Desaparecido: LA Autentica Historia De LA Ejecucion De Charles Horman",452,"1982",324,"http://images.amazon.com/images/P/8427007450.01.LZZZZZZZ.jpg"
"8429734996","Hotel Europa (El Balancí)",453,"1992",325,"http://images.amazon.com/images/P/8429734996.01.LZZZZZZZ.jpg"
"8429736131","La dona dels ulls de pluja: Barcelona anys 90 (El Balancí)",454,"1993",325,"http://images.amazon.com/images/P/8429736131.01.LZZZZZZZ.jpg"
"8440616252","El paraíso (Tiempos modernos)",455,"1991",326,"http://images.amazon.com/images/P/8440616252.01.LZZZZZZZ.jpg"
"8472224260","Negra i consentida (Col¨lecció El Mirall)",456,"1983",327,"http://images.amazon.com/images/P/8472224260.01.LZZZZZZZ.jpg"
"8472227421","Essa efa (Col¨lecció El Mirall i el temps)",456,"1985",328,"http://images.amazon.com/images/P/8472227421.01.LZZZZZZZ.jpg"
"8474103347","Espurnes de sang (La Negra)",457,"1987",329,"http://images.amazon.com/images/P/8474103347.01.LZZZZZZZ.jpg"
"8475960936","Les llengües d'Africa (Biblioteca universal Empúries)",458,"1986",330,"http://images.amazon.com/images/P/8475960936.01.LZZZZZZZ.jpg"
"8477830029","Trànsit (Area contemporània)",459,"1987",331,"http://images.amazon.com/images/P/8477830029.01.LZZZZZZZ.jpg"
"8478091246","L'home del sac",460,"1990",282,"http://images.amazon.com/images/P/8478091246.01.LZZZZZZZ.jpg"
"8478097732","Gràcies per la propina (Columna)",461,"1995",282,"http://images.amazon.com/images/P/8478097732.01.LZZZZZZZ.jpg"
"8478098267","El dia que es va cremar el Liceu (La primera Columna)",462,"1995",282,"http://images.amazon.com/images/P/8478098267.01.LZZZZZZZ.jpg"
"8478800336","Cómo ser una mujer y no morir en el intento (Colección El Papagayo)",463,"1990",332,"http://images.amazon.com/images/P/8478800336.01.LZZZZZZZ.jpg"
"8478884963","Una casa en Irlanda",149,"1999",333,"http://images.amazon.com/images/P/8478884963.01.LZZZZZZZ.jpg"
"8483002523","La mirada del tafur (Col¨lecció clàssica)",461,"1997",282,"http://images.amazon.com/images/P/8483002523.01.LZZZZZZZ.jpg"
"8486433193","Amorrada al piló (Columna)",464,"1986",282,"http://images.amazon.com/images/P/8486433193.01.LZZZZZZZ.jpg"
"0600586898","Blur (Melody Maker)",465,"1995",334,"http://images.amazon.com/images/P/0600586898.01.LZZZZZZZ.jpg"
"1853260622","War and Peace (Wordsworth Classics)",466,"1997",151,"http://images.amazon.com/images/P/1853260622.01.LZZZZZZZ.jpg"
"1857938011","A-Z of Behaving Badly",467,"1996",194,"http://images.amazon.com/images/P/1857938011.01.LZZZZZZZ.jpg"
"0060804157","He Understanding Masculine Psychology",468,"1977",201,"http://images.amazon.com/images/P/0060804157.01.LZZZZZZZ.jpg"
"8466601090","Las DOS Muertes De Gardel (Ficcionario)",469,"2002",335,"http://images.amazon.com/images/P/8466601090.01.LZZZZZZZ.jpg"
"0140382658","You Can Surf the Net: Your Guide to the World of the Internet",470,"1996",309,"http://images.amazon.com/images/P/0140382658.01.LZZZZZZZ.jpg"
"0152012966","I Want to Be...a Veterinarian (I Want to Be... Series)",471,"1997",238,"http://images.amazon.com/images/P/0152012966.01.LZZZZZZZ.jpg"
"0312283784","Alice's Tulips",472,"2001",246,"http://images.amazon.com/images/P/0312283784.01.LZZZZZZZ.jpg"
"0345297709","Centaur Aisle",262,"1982",127,"http://images.amazon.com/images/P/0345297709.01.LZZZZZZZ.jpg"
"0345313097","Crewel Lye",262,"1985",127,"http://images.amazon.com/images/P/0345313097.01.LZZZZZZZ.jpg"
"0345335465","Dragonflight (Dragonriders of Pern Trilogy (Paperback))",473,"1991",208,"http://images.amazon.com/images/P/0345335465.01.LZZZZZZZ.jpg"
"0345416848","Last Sword of Power (Stones of Power)",474,"1997",208,"http://images.amazon.com/images/P/0345416848.01.LZZZZZZZ.jpg"
"0385333404","Dating Big Bird",475,"2000",336,"http://images.amazon.com/images/P/0385333404.01.LZZZZZZZ.jpg"
"044021145X","The Firm",118,"1992",337,"http://images.amazon.com/images/P/044021145X.01.LZZZZZZZ.jpg"
"0449212084","Murder at the Kennedy Center (Capital Crime Mysteries)",476,"1990",191,"http://images.amazon.com/images/P/0449212084.01.LZZZZZZZ.jpg"
"0553582682","Guinness World Records 2000 (Guinness Book of Records, 2000)",477,"2000",138,"http://images.amazon.com/images/P/0553582682.01.LZZZZZZZ.jpg"
"0590947257","Forever Amber Brown (Amber Brown (Paperback))",478,"1997",338,"http://images.amazon.com/images/P/0590947257.01.LZZZZZZZ.jpg"
"074345829X","Philip Jose Farmer's The Dungeon",479,"2003",339,"http://images.amazon.com/images/P/074345829X.01.LZZZZZZZ.jpg"
"0786913878","Pool of Radiance: The Ruins of Myth Drannor (Forgotten Realms)",480,"2001",340,"http://images.amazon.com/images/P/0786913878.01.LZZZZZZZ.jpg"
"0801491827","Feminism and Suffrage: The Emergence of an Independent Women's Movement in America, 1848-1869",481,"1980",341,"http://images.amazon.com/images/P/0801491827.01.LZZZZZZZ.jpg"
"0816729913","Why Are Boys So Weird (Tales from Third Grade)",482,"1993",342,"http://images.amazon.com/images/P/0816729913.01.LZZZZZZZ.jpg"
"0843136685","Sheldon &,483,"Sam Bobrick",259,"http://images.amazon.com/images/P/0843136685.01.LZZZZZZZ.jpg"
"0866119531","Black Beauty (Great Illustrated Classics (Playmore))",176,"2000",343,"http://images.amazon.com/images/P/0866119531.01.LZZZZZZZ.jpg"
"0866119566","Oliver Twist (Great Illustrated Classics)",333,"1989",343,"http://images.amazon.com/images/P/0866119566.01.LZZZZZZZ.jpg"
"0870441663","The wild ponies of Assateague Island (Books for young explorers)",484,"1975",344,"http://images.amazon.com/images/P/0870441663.01.LZZZZZZZ.jpg"
"1561561428","Frankenstein (Illustrated Classics Series)",369,"1992",345,"http://images.amazon.com/images/P/1561561428.01.LZZZZZZZ.jpg"
"0553210092","The Scarlet Letter",485,"1965",135,"http://images.amazon.com/images/P/0553210092.01.LZZZZZZZ.jpg"
"0553258524","Dragonsong (Harper Hall Trilogy)",473,"1977",135,"http://images.amazon.com/images/P/0553258524.01.LZZZZZZZ.jpg"
"0688163726","The Watch House",371,"1998",346,"http://images.amazon.com/images/P/0688163726.01.LZZZZZZZ.jpg"
"1569471096","Was It Something I Said?",486,"1998",347,"http://images.amazon.com/images/P/1569471096.01.LZZZZZZZ.jpg"
"055358099X","Cloud Nine",487,"2000",138,"http://images.amazon.com/images/P/055358099X.01.LZZZZZZZ.jpg"
"0316168815","The Lovely Bones",434,"2004",171,"http://images.amazon.com/images/P/0316168815.01.LZZZZZZZ.jpg"
"014023828X","The Tortilla Curtain",351,"1996",155,"http://images.amazon.com/images/P/014023828X.01.LZZZZZZZ.jpg"
"0316314927","Sarah Conley",488,"1998",171,"http://images.amazon.com/images/P/0316314927.01.LZZZZZZZ.jpg"
"0345424719","A Widow for One Year",489,"1999",127,"http://images.amazon.com/images/P/0345424719.01.LZZZZZZZ.jpg"
"0375414746","The Clearing",490,"2003",160,"http://images.amazon.com/images/P/0375414746.01.LZZZZZZZ.jpg"
"0375726403","Empire Falls",491,"2002",239,"http://images.amazon.com/images/P/0375726403.01.LZZZZZZZ.jpg"
"0385503857","Oryx and Crake",438,"2003",348,"http://images.amazon.com/images/P/0385503857.01.LZZZZZZZ.jpg"
"0425156842","Sophie's World: A Novel About the History of Philosophy (Berkeley Signature Edition)",492,"1997",106,"http://images.amazon.com/images/P/0425156842.01.LZZZZZZZ.jpg"
"0440226104","Black and Blue",493,"1999",118,"http://images.amazon.com/images/P/0440226104.01.LZZZZZZZ.jpg"
"0452277337","Le Divorce (William Abrahams Book)",494,"1997",232,"http://images.amazon.com/images/P/0452277337.01.LZZZZZZZ.jpg"
"0553802488","The Face",495,"2003",135,"http://images.amazon.com/images/P/0553802488.01.LZZZZZZZ.jpg"
"0671021001","She's Come Undone (Oprah's Book Club)",496,"1998",139,"http://images.amazon.com/images/P/0671021001.01.LZZZZZZZ.jpg"
"0767903579","Falling Leaves: The True Story of an Unwanted Chinese Daughter",497,"1999",300,"http://images.amazon.com/images/P/0767903579.01.LZZZZZZZ.jpg"
"0805063897","Nickel and Dimed: On (Not) Getting By in America",498,"2002",349,"http://images.amazon.com/images/P/0805063897.01.LZZZZZZZ.jpg"
"0679777431","The Game of Kings (Lymond Chronicles, 1)",499,"1997",174,"http://images.amazon.com/images/P/0679777431.01.LZZZZZZZ.jpg"
"0553285343","RUSSIA HOUSE, THE",500,"1990",135,"http://images.amazon.com/images/P/0553285343.01.LZZZZZZZ.jpg"
"0486285529","Solv-A-Crime Puzzles (Dover Game and Puzzle Activity Books)",501,"1995",204,"http://images.amazon.com/images/P/0486285529.01.LZZZZZZZ.jpg"
"0671002481","The First Wives Club Movie Tie In",256,"1996",139,"http://images.amazon.com/images/P/0671002481.01.LZZZZZZZ.jpg"
"0812523385","Selected Poems of Emily Dickinson",502,"1995",140,"http://images.amazon.com/images/P/0812523385.01.LZZZZZZZ.jpg"
"0895774666","Watercolor School (Reader's Digest Learn-As-You-Go Guides)",503,"1993",350,"http://images.amazon.com/images/P/0895774666.01.LZZZZZZZ.jpg"
"0020199090","Joshua In the Holy Land",504,"1993",351,"http://images.amazon.com/images/P/0020199090.01.LZZZZZZZ.jpg"
"0385495145","The Messenger",505,"2002",352,"http://images.amazon.com/images/P/0385495145.01.LZZZZZZZ.jpg"
"0679733825","Sisters of the Earth: Women's Prose and Poetry About Nature",506,"1991",239,"http://images.amazon.com/images/P/0679733825.01.LZZZZZZZ.jpg"
"0842329129","Left Behind: A Novel of the Earth's Last Days (Left Behind No. 1)",151,"1996",141,"http://images.amazon.com/images/P/0842329129.01.LZZZZZZZ.jpg"
"0345451260","Househusband",507,"2002",127,"http://images.amazon.com/images/P/0345451260.01.LZZZZZZZ.jpg"
"0740700235","Life Messages: Inspiration For The Woman's Spirit",508,"2002",353,"http://images.amazon.com/images/P/0740700235.01.LZZZZZZZ.jpg"
